{
  "users": [
    {
      "id": "1",
      "name": "Jhon",
      "email": "jhon@gmail.com",
      "mobileNumber": "8585967425",
      "password": "1234"
    },
    {
      "id": "2",
      "name": "Vishal",
      "email": "vgadekar20@gmail.com",
      "mobileNumber": "9850424810",
      "password": "1234"
    }
  ],
  "posts": [
    {
      "id": 1,
      "title": "json-server",
      "author": "typicode"
    }
  ],
  "comments": [
    {
      "id": 1,
      "body": "some comment",
      "postId": 1
    }
  ],
  "profile": {
    "name": "typicode"
  }
}