{
  "Users": [
    {
      "name": "Jhon",
      "email": "jhon@gmail.com",
      "mobileNumber": "8585967425",
      "password": "1234"
    }
    
  ],
  "artist_img": [
    {
      "artist": "Arjit",
      "artist_img": "../Image/arjit.jpeg"
    },
    {
      "artist": "Shankr M.",
      "artist_img": "../Image/shankar.jpg"
    }
  ],
  "category_img": [
    {
      "category": "Classical",
      "category_img": "../Image/classical.jpeg"
    },
    {
      "category": "Jazz",
      "category_img": "../Image/jazz.jpeg"
    }
  ]
}